{"cameraMode":{"drawMode":0,"name":"Shaded","section":"Shading Mode"},"sceneLighting":true,"audioPlay":false,"sceneViewState":{"m_AlwaysRefresh":false,"showFog":true,"showSkybox":false,"showFlares":true,"showImageEffects":true,"showParticleSystems":true,"showVisualEffectGraphs":true,"m_FxEnabled":true},"in2DMode":false,"pivot":{"x":-0.019987106323242189,"y":7.049560546875,"z":0.3128197193145752},"rotation":{"x":-0.0008821491501294076,"y":0.8735368251800537,"z":-0.4872467815876007,"w":-0.0006880390574224293},"size":11.303155899047852,"orthographic":false}