{"cameraMode":{"drawMode":0,"name":"Shaded","section":"Shading Mode"},"sceneLighting":false,"audioPlay":false,"sceneViewState":{"m_AlwaysRefresh":false,"showFog":true,"showSkybox":false,"showFlares":true,"showImageEffects":true,"showParticleSystems":true,"showVisualEffectGraphs":true,"m_FxEnabled":true},"in2DMode":false,"pivot":{"x":33.100093841552737,"y":19.527000427246095,"z":3.3916053771972658},"rotation":{"x":-0.14512093365192414,"y":0.8544423580169678,"z":-0.3306168019771576,"w":-0.3743273913860321},"size":10.814516067504883,"orthographic":false}