{"cameraMode":{"drawMode":0,"name":"Shaded","section":"Shading Mode"},"sceneLighting":true,"audioPlay":false,"sceneViewState":{"m_AlwaysRefresh":false,"showFog":true,"showSkybox":true,"showFlares":true,"showImageEffects":true,"showParticleSystems":true,"showVisualEffectGraphs":true,"m_FxEnabled":true},"in2DMode":false,"pivot":{"x":-16.831893920898439,"y":22.90418243408203,"z":17.86576271057129},"rotation":{"x":-0.011612641625106335,"y":-0.987889289855957,"z":0.11947979778051377,"w":-0.10074368864297867},"size":22.144561767578126,"orthographic":false}