{"cameraMode":{"drawMode":0,"name":"Shaded","section":"Shading Mode"},"sceneLighting":true,"audioPlay":false,"sceneViewState":{"m_AlwaysRefresh":false,"showFog":true,"showSkybox":true,"showFlares":true,"showImageEffects":true,"showParticleSystems":true,"showVisualEffectGraphs":true,"m_FxEnabled":true},"in2DMode":false,"pivot":{"x":-11.347078323364258,"y":5.906915664672852,"z":3.2121148109436037},"rotation":{"x":0.11802379041910172,"y":0.7649107575416565,"z":-0.6160280108451843,"w":0.14655008912086488},"size":11.47812271118164,"orthographic":false}