{"cameraMode":{"drawMode":0,"name":"Shaded","section":"Shading Mode"},"sceneLighting":true,"audioPlay":false,"sceneViewState":{"m_AlwaysRefresh":false,"showFog":true,"showSkybox":true,"showFlares":true,"showImageEffects":true,"showParticleSystems":true,"showVisualEffectGraphs":true,"m_FxEnabled":true},"in2DMode":false,"pivot":{"x":-89.74581909179688,"y":-122.37889099121094,"z":107.59928894042969},"rotation":{"x":-0.32133519649505618,"y":0.31879952549934389,"z":-0.11526758968830109,"w":-0.8844774961471558},"size":121.45600891113281,"orthographic":false}