{"cameraMode":{"drawMode":0,"name":"Shaded","section":"Shading Mode"},"sceneLighting":true,"audioPlay":false,"sceneViewState":{"m_AlwaysRefresh":false,"showFog":true,"showSkybox":false,"showFlares":true,"showImageEffects":true,"showParticleSystems":true,"showVisualEffectGraphs":true,"m_FxEnabled":true},"in2DMode":false,"pivot":{"x":1.5319523811340333,"y":6.309308052062988,"z":-0.4323432445526123},"rotation":{"x":-0.0008821491501294076,"y":0.8735368251800537,"z":-0.4872467815876007,"w":-0.0006880390574224293},"size":10.81948471069336,"orthographic":false}