{"cameraMode":{"drawMode":0,"name":"Shaded","section":"Shading Mode"},"sceneLighting":true,"audioPlay":false,"sceneViewState":{"m_AlwaysRefresh":false,"showFog":true,"showSkybox":false,"showFlares":true,"showImageEffects":true,"showParticleSystems":true,"showVisualEffectGraphs":true,"m_FxEnabled":true},"in2DMode":false,"pivot":{"x":-0.35417819023132326,"y":7.024807929992676,"z":-0.9852244853973389},"rotation":{"x":-0.0008821491501294076,"y":0.8735368251800537,"z":-0.4872467815876007,"w":-0.0006880390574224293},"size":12.571455955505371,"orthographic":false}